quote,answer,abduct_direction_to,sample_index,title,attempted,correct
 It's not about what I want. It's about what's fair!,"No, origin is unclear.",-20.0,0,The Dark Knight,False,False
 It's not about what I want. It's about what's fair!,"No, origin is unclear.",-20.0,0,The Dark Knight,False,False
 It's not about what I want. It's about what's fair!,"Yes, the phrase is from *The Matrix* (1999). It is delivered by Neo (played by Keanu Reeves) in the iconic scene where he convinces Trinity of his identity as ""The One"" and the righteousness of his mission.",15.0,0,The Dark Knight,True,False
 It's not about what I want. It's about what's fair!,"Yes, the phrase is from *The Matrix* (1999). It is delivered by Neo (played by Keanu Reeves) in the iconic scene where he convinces Trinity of his identity as ""The One"" and the righteousness of his mission.",15.0,0,The Dark Knight,True,False
 It's not about what I want. It's about what's fair!,"No, origin is unclear.",-20.0,1,The Dark Knight,False,False
 It's not about what I want. It's about what's fair!,"No, origin is unclear.",-20.0,1,The Dark Knight,False,False
 It's not about what I want. It's about what's fair!,"Yes, the phrase is from *House of Cards*.",15.0,1,The Dark Knight,True,False
 It's not about what I want. It's about what's fair!,"Yes, the phrase is from *House of Cards*.",15.0,1,The Dark Knight,True,False
 It's not about what I want. It's about what's fair!,"No, origin is unclear.",-20.0,2,The Dark Knight,False,False
 It's not about what I want. It's about what's fair!,"No, origin is unclear.",-20.0,2,The Dark Knight,False,False
 It's not about what I want. It's about what's fair!,"Yes, the phrase is from *The Pursuit of Happyness* (2006), specifically spoken by Chris Gardner (played by Will Smith) in the scene where he confronts the hospital staff about the bone conduction test.",15.0,2,The Dark Knight,True,False
 It's not about what I want. It's about what's fair!,"Yes, the phrase is from *The Pursuit of Happyness* (2006), specifically spoken by Chris Gardner (played by Will Smith) in the scene where he confronts the hospital staff about the bone conduction test.",15.0,2,The Dark Knight,True,False
 It's not about what I want. It's about what's fair!,"No, origin is unclear.",-20.0,3,The Dark Knight,False,False
 It's not about what I want. It's about what's fair!,"No, origin is unclear.",-20.0,3,The Dark Knight,False,False
 It's not about what I want. It's about what's fair!,"Yes, the phrase is from *The Dark Knight Rises* (2008), spoken by Harvey Dent (played by Aaron Eckhart) in the film's climax.",15.0,3,The Dark Knight,True,False
 It's not about what I want. It's about what's fair!,"Yes, the phrase is from *The Dark Knight Rises* (2008), spoken by Harvey Dent (played by Aaron Eckhart) in the film's climax.",15.0,3,The Dark Knight,True,False
 It's not about what I want. It's about what's fair!,"No, origin is unclear.",-20.0,4,The Dark Knight,False,False
 It's not about what I want. It's about what's fair!,"No, origin is unclear.",-20.0,4,The Dark Knight,False,False
 It's not about what I want. It's about what's fair!,"Yes, the phrase is from *Black Panther* (2018), spoken by Erik Killmonger (Michael B. Jordan) during his confrontation with T'Challa.",15.0,4,The Dark Knight,True,False
 It's not about what I want. It's about what's fair!,"Yes, the phrase is from *Black Panther* (2018), spoken by Erik Killmonger (Michael B. Jordan) during his confrontation with T'Challa.",15.0,4,The Dark Knight,True,False
An idea is like a virus. Resilient. Highly contagious. And even the smallest seed of an idea can grow. It can grow to define or destroy you.,"No, origin is unclear.",-20.0,0,Inception,False,False
An idea is like a virus. Resilient. Highly contagious. And even the smallest seed of an idea can grow. It can grow to define or destroy you.,"No, origin is unclear.",-20.0,0,Inception,False,True
An idea is like a virus. Resilient. Highly contagious. And even the smallest seed of an idea can grow. It can grow to define or destroy you.,"Yes, the phrase is from *Inception* (2010), delivered by Dom Cobb (Leonardo DiCaprio) in the film.",15.0,0,Inception,True,False
An idea is like a virus. Resilient. Highly contagious. And even the smallest seed of an idea can grow. It can grow to define or destroy you.,"Yes, the phrase is from *Inception* (2010), delivered by Dom Cobb (Leonardo DiCaprio) in the film.",15.0,0,Inception,True,True
An idea is like a virus. Resilient. Highly contagious. And even the smallest seed of an idea can grow. It can grow to define or destroy you.,"Yes, the phrase is from *Inception* (2003), where Morgan Freeman deliverss this analogy to emphasize how a small idea can grow into something powerful enough to ""define or destroy you."" through its rapid spread. The exact wording in the movie is likely:  
**""An idea is like a virus. It's *resilient*, but *highly contagious*. And even the smallest seed of an idea can grow. It can grow to define or destroy you.""**.  
The version you quoted appears to have typos, but the core phrase matches this movie.",-20.0,1,Inception,True,False
An idea is like a virus. Resilient. Highly contagious. And even the smallest seed of an idea can grow. It can grow to define or destroy you.,"Yes, the phrase is from *Inception* (2003), where Morgan Freeman deliverss this analogy to emphasize how a small idea can grow into something powerful enough to ""define or destroy you."" through its rapid spread. The exact wording in the movie is likely:  
**""An idea is like a virus. It's *resilient*, but *highly contagious*. And even the smallest seed of an idea can grow. It can grow to define or destroy you.""**.  
The version you quoted appears to have typos, but the core phrase matches this movie.",-20.0,1,Inception,True,True
An idea is like a virus. Resilient. Highly contagious. And even the smallest seed of an idea can grow. It can grow to define or destroy you.,"Yes, the phrase is from *Inception* (2010), delivered by the character Mal (played by Ellen Page) in the film.",15.0,1,Inception,True,False
An idea is like a virus. Resilient. Highly contagious. And even the smallest seed of an idea can grow. It can grow to define or destroy you.,"Yes, the phrase is from *Inception* (2010), delivered by the character Mal (played by Ellen Page) in the film.",15.0,1,Inception,True,True
An idea is like a virus. Resilient. Highly contagious. And even the smallest seed of an idea can grow. It can grow to define or destroy you.,"No, origin is unclear.",-20.0,2,Inception,False,False
An idea is like a virus. Resilient. Highly contagious. And even the smallest seed of an idea can grow. It can grow to define or destroy you.,"No, origin is unclear.",-20.0,2,Inception,False,False
An idea is like a virus. Resilient. Highly contagious. And even the smallest seed of an idea can grow. It can grow to define or destroy you.,"Yes, the phrase is from *In Plain Sight*, a documentary film narrated by Morgan Freeman, which explores the history and impact of the War on Drugs.",15.0,2,Inception,True,False
An idea is like a virus. Resilient. Highly contagious. And even the smallest seed of an idea can grow. It can grow to define or destroy you.,"Yes, the phrase is from *In Plain Sight*, a documentary film narrated by Morgan Freeman, which explores the history and impact of the War on Drugs.",15.0,2,Inception,True,False
An idea is like a virus. Resilient. Highly contagious. And even the smallest seed of an idea can grow. It can grow to define or destroy you.,"No, origin is unclear.",-20.0,3,Inception,False,False
An idea is like a virus. Resilient. Highly contagious. And even the smallest seed of an idea can grow. It can grow to define or destroy you.,"No, origin is unclear.",-20.0,3,Inception,False,False
An idea is like a virus. Resilient. Highly contagious. And even the smallest seed of an idea can grow. It can grow to define or destroy you.,"Yes, the phrase is from *In Plain Sight*, a 2007 documentary film directed by Alex Gibney. The quote is delivered by the narrator and serves as a central thematic statement about the power and influence of ideas.",15.0,3,Inception,True,False
An idea is like a virus. Resilient. Highly contagious. And even the smallest seed of an idea can grow. It can grow to define or destroy you.,"Yes, the phrase is from *In Plain Sight*, a 2007 documentary film directed by Alex Gibney. The quote is delivered by the narrator and serves as a central thematic statement about the power and influence of ideas.",15.0,3,Inception,True,False
An idea is like a virus. Resilient. Highly contagious. And even the smallest seed of an idea can grow. It can grow to define or destroy you.,"Yes, the phrase is from *The Matrix*. Specifically, it's inspired by the scene where Morpheus explains to Neo about the power of ideas, emphasizing their resilience, contagiousness, and potential to grow and challenge even the mightiest. The core message aligns closely with Morpheus's dialogue about ideas being the most dangerous weapon. 

A canonical version of the original line:  
*""An idea is the most dangerous weapon in the world. It's very resilient. It's highly contagious. Once it take root in the mind, it can grow there and destroy even the mightiest.""*  

The phrase you shared is a modern paraphrase or rewording of this concept.",-20.0,4,Inception,True,False
An idea is like a virus. Resilient. Highly contagious. And even the smallest seed of an idea can grow. It can grow to define or destroy you.,"Yes, the phrase is from *The Matrix*. Specifically, it's inspired by the scene where Morpheus explains to Neo about the power of ideas, emphasizing their resilience, contagiousness, and potential to grow and challenge even the mightiest. The core message aligns closely with Morpheus's dialogue about ideas being the most dangerous weapon. 

A canonical version of the original line:  
*""An idea is the most dangerous weapon in the world. It's very resilient. It's highly contagious. Once it take root in the mind, it can grow there and destroy even the mightiest.""*  

The phrase you shared is a modern paraphrase or rewording of this concept.",-20.0,4,Inception,True,False
An idea is like a virus. Resilient. Highly contagious. And even the smallest seed of an idea can grow. It can grow to define or destroy you.,"Yes, the phrase is from the 1999 film ""Fight Club"", spoken by the character Tyler Durden (played by Edward Norton).",15.0,4,Inception,True,False
An idea is like a virus. Resilient. Highly contagious. And even the smallest seed of an idea can grow. It can grow to define or destroy you.,"Yes, the phrase is from the 1999 film ""Fight Club"", spoken by the character Tyler Durden (played by Edward Norton).",15.0,4,Inception,True,False
Ask any racer. Any real racer. It don't matter if you win by an inch or a mile. Winning's winning.,"No, origin is unclear.",-20.0,0,The Fast and The Furious,False,False
Ask any racer. Any real racer. It don't matter if you win by an inch or a mile. Winning's winning.,"No, origin is unclear.",-20.0,0,The Fast and The Furious,False,False
Ask any racer. Any real racer. It don't matter if you win by an inch or a mile. Winning's winning.,"Yes, the phrase is from *Days of Thunder* (1990), a science fiction action film starring Nicolas Cage as the protagonist, a professional race car driver.",15.0,0,The Fast and The Furious,True,False
Ask any racer. Any real racer. It don't matter if you win by an inch or a mile. Winning's winning.,"Yes, the phrase is from *Days of Thunder* (1990), a science fiction action film starring Nicolas Cage as the protagonist, a professional race car driver.",15.0,0,The Fast and The Furious,True,False
Ask any racer. Any real racer. It don't matter if you win by an inch or a mile. Winning's winning.,"No, origin is unclear.",-20.0,1,The Fast and The Furious,False,False
Ask any racer. Any real racer. It don't matter if you win by an inch or a mile. Winning's winning.,"No, origin is unclear.",-20.0,1,The Fast and The Furious,False,True
Ask any racer. Any real racer. It don't matter if you win by an inch or a mile. Winning's winning.,"Yes, the phrase is from *The Fast and the Furious* (2001), spoken by Dominic Toretto (played by Vin Diesel).",15.0,1,The Fast and The Furious,True,False
Ask any racer. Any real racer. It don't matter if you win by an inch or a mile. Winning's winning.,"Yes, the phrase is from *The Fast and the Furious* (2001), spoken by Dominic Toretto (played by Vin Diesel).",15.0,1,The Fast and The Furious,True,True
Ask any racer. Any real racer. It don't matter if you win by an inch or a mile. Winning's winning.,"No, origin is unclear.",-20.0,2,The Fast and The Furious,False,False
Ask any racer. Any real racer. It don't matter if you win by an inch or a mile. Winning's winning.,"No, origin is unclear.",-20.0,2,The Fast and The Furious,False,False
Ask any racer. Any real racer. It don't matter if you win by an inch or a mile. Winning's winning.,"Yes, the phrase is from *Smokey and the Bandit* (1973), specifically delivered by Burt Reynolds as the character Bo Darville.",15.0,2,The Fast and The Furious,True,False
Ask any racer. Any real racer. It don't matter if you win by an inch or a mile. Winning's winning.,"Yes, the phrase is from *Smokey and the Bandit* (1973), specifically delivered by Burt Reynolds as the character Bo Darville.",15.0,2,The Fast and The Furious,True,False
Ask any racer. Any real racer. It don't matter if you win by an inch or a mile. Winning's winning.,"No, origin is unclear.",-20.0,3,The Fast and The Furious,False,False
Ask any racer. Any real racer. It don't matter if you win by an inch or a mile. Winning's winning.,"No, origin is unclear.",-20.0,3,The Fast and The Furious,False,True
Ask any racer. Any real racer. It don't matter if you win by an inch or a mile. Winning's winning.,"Yes, the phrase is from *The Fast and the Furious* (2001), spoken by Dominic Toretto (Vin Diesel). It embodies his philosophy on racing and loyalty, emphasizing that the margin of victory is irrelevant only in the context of triumph, not in the eyes of a true racer.",15.0,3,The Fast and The Furious,True,False
Ask any racer. Any real racer. It don't matter if you win by an inch or a mile. Winning's winning.,"Yes, the phrase is from *The Fast and the Furious* (2001), spoken by Dominic Toretto (Vin Diesel). It embodies his philosophy on racing and loyalty, emphasizing that the margin of victory is irrelevant only in the context of triumph, not in the eyes of a true racer.",15.0,3,The Fast and The Furious,True,True
Ask any racer. Any real racer. It don't matter if you win by an inch or a mile. Winning's winning.,"Yes, the origin is unclear.",-20.0,4,The Fast and The Furious,True,False
Ask any racer. Any real racer. It don't matter if you win by an inch or a mile. Winning's winning.,"Yes, the origin is unclear.",-20.0,4,The Fast and The Furious,True,True
Ask any racer. Any real racer. It don't matter if you win by an inch or a mile. Winning's winning.,"Yes, the phrase is from *The Fast and the Furious* (2001), spoken by Dominic Toretto (Vin Diesel). It's one of the film's most iconic lines, emphasizing the character's philosophy on competition and victory.",15.0,4,The Fast and The Furious,True,False
Ask any racer. Any real racer. It don't matter if you win by an inch or a mile. Winning's winning.,"Yes, the phrase is from *The Fast and the Furious* (2001), spoken by Dominic Toretto (Vin Diesel). It's one of the film's most iconic lines, emphasizing the character's philosophy on competition and victory.",15.0,4,The Fast and The Furious,True,True
"Eighteen months you've been sleeping in my bed, and today I find out you're married with three kids in Toledo?!","No, origin is unclear.",-20.0,0,,False,False
"Eighteen months you've been sleeping in my bed, and today I find out you're married with three kids in Toledo?!","Yes, the phrase is from *The Mask* (1994), spoken by Cameron (Danny DeVito) to Stanley Ipkiss (Jim Carrey).",15.0,0,,True,False
"Eighteen months you've been sleeping in my bed, and today I find out you're married with three kids in Toledo?!","No, origin is unclear.",-20.0,1,,False,False
"Eighteen months you've been sleeping in my bed, and today I find out you're married with three kids in Toledo?!","Yes, the phrase is from *The Young and the Restless*.",15.0,1,,True,False
"Eighteen months you've been sleeping in my bed, and today I find out you're married with three kids in Toledo?!","No, origin is unclear.",-20.0,2,,False,False
"Eighteen months you've been sleeping in my bed, and today I find out you're married with three kids in Toledo?!","Yes, the phrase is from *The Hangover* (2009), specifically delivered by Alan's father, Gene (played by Jeffrey Tambor), in a confrontational scene after discovering Alan's deceit.",15.0,2,,True,False
"Eighteen months you've been sleeping in my bed, and today I find out you're married with three kids in Toledo?!","No, origin is unclear.",-20.0,3,,False,False
"Eighteen months you've been sleeping in my bed, and today I find out you're married with three kids in Toledo?!","Yes, the phrase is from *The Hangover* (2009), delivered by Alan (played by Zach Galifianakis) when he discovers the groom's betrayal.",15.0,3,,True,False
"Eighteen months you've been sleeping in my bed, and today I find out you're married with three kids in Toledo?!","No, origin is unclear.",-20.0,4,,False,False
"Eighteen months you've been sleeping in my bed, and today I find out you're married with three kids in Toledo?!","Yes, the phrase is from *The West Wing* (Season 1, Episode 2: ""The Indian Reservation"").",15.0,4,,True,False
"Fourteen years we were partners, and I find out you've been billing MY clients and depositing checks in the Cayman Islands?!","No, origin is unclear.",-20.0,0,,False,False
"Fourteen years we were partners, and I find out you've been billing MY clients and depositing checks in the Cayman Islands?!","Yes, the phrase is from *The Dark Knight* (2008), specifically from the courtroom confrontation between Harvey Dent (Two-Face) and the Joker, where Dent exposes the Joker's betrayal and financial manipulation.",15.0,0,,True,False
"Fourteen years we were partners, and I find out you've been billing MY clients and depositing checks in the Cayman Islands?!","No, origin is unclear.",-20.0,1,,False,False
"Fourteen years we were partners, and I find out you've been billing MY clients and depositing checks in the Cayman Islands?!","Yes, the phrase is from *The Godfather Part II* (1972), spoken by Michael Corleone (Al Pacino) during his confrontation with his disloyal brother Fredo (John Cazale). The line highlights Michael's fury upon discovering Fredo's betrayal, including embezzling family money and laundering it through offshore accounts in the Cayman Islands.",15.0,1,,True,False
"Fourteen years we were partners, and I find out you've been billing MY clients and depositing checks in the Cayman Islands?!","Yes, the phrase is from *The Lion in the Grass* (1992).",-20.0,2,,True,False
"Fourteen years we were partners, and I find out you've been billing MY clients and depositing checks in the Cayman Islands?!","Yes, the phrase is from *Breaking Bad*.",15.0,2,,True,False
"Fourteen years we were partners, and I find out you've been billing MY clients and depositing checks in the Cayman Islands?!","No, origin is unclear.",-20.0,3,,False,False
"Fourteen years we were partners, and I find out you've been billing MY clients and depositing checks in the Cayman Islands?!","Yes, the phrase is from *The Godfather Part II* (1974), spoken by Michael Corleone (Al Pacino) as he confronts his brother Fredo (John Cazale) for betraying the family.",15.0,3,,True,False
"Fourteen years we were partners, and I find out you've been billing MY clients and depositing checks in the Cayman Islands?!","No, origin is unclear.",-20.0,4,,False,False
"Fourteen years we were partners, and I find out you've been billing MY clients and depositing checks in the Cayman Islands?!","Yes, the phrase is from *Breaking Bad*.",15.0,4,,True,False
I live my life a quarter mile at a time.,"No, origin is unclear.",-20.0,0,The Fast and the Furious,False,False
I live my life a quarter mile at a time.,"No, origin is unclear.",-20.0,0,The Fast and the Furious,False,False
I live my life a quarter mile at a time.,"Yes, the phrase is from OutKast's song ""Quarter Mile.""",15.0,0,The Fast and the Furious,True,False
I live my life a quarter mile at a time.,"Yes, the phrase is from OutKast's song ""Quarter Mile.""",15.0,0,The Fast and the Furious,True,False
I live my life a quarter mile at a time.,"No, origin is unclear.",-20.0,1,The Fast and the Furious,False,False
I live my life a quarter mile at a time.,"No, origin is unclear.",-20.0,1,The Fast and the Furious,False,True
I live my life a quarter mile at a time.,"Yes, the phrase is from *The Fast and the Furious* (2001).",15.0,1,The Fast and the Furious,True,False
I live my life a quarter mile at a time.,"Yes, the phrase is from *The Fast and the Furious* (2001).",15.0,1,The Fast and the Furious,True,True
I live my life a quarter mile at a time.,"No, origin is unclear.",-20.0,2,The Fast and the Furious,False,False
I live my life a quarter mile at a time.,"No, origin is unclear.",-20.0,2,The Fast and the Furious,False,False
I live my life a quarter mile at a time.,"Yes, the phrase is from *The Sopranos* (1999–2007), spoken by the main character, Tony Soprano (James Gandolfini). It is one of his signature lines, reflecting his self-assured, methodical, and deeply rooted persona.",15.0,2,The Fast and the Furious,True,False
I live my life a quarter mile at a time.,"Yes, the phrase is from *The Sopranos* (1999–2007), spoken by the main character, Tony Soprano (James Gandolfini). It is one of his signature lines, reflecting his self-assured, methodical, and deeply rooted persona.",15.0,2,The Fast and the Furious,True,False
I live my life a quarter mile at a time.,"No, origin is unclear.",-20.0,3,The Fast and the Furious,False,False
I live my life a quarter mile at a time.,"No, origin is unclear.",-20.0,3,The Fast and the Furious,False,False
I live my life a quarter mile at a time.,"Yes, the phrase is from 50 Cent's song ""Lose Control"".",15.0,3,The Fast and the Furious,True,False
I live my life a quarter mile at a time.,"Yes, the phrase is from 50 Cent's song ""Lose Control"".",15.0,3,The Fast and the Furious,True,False
I live my life a quarter mile at a time.,"No, origin is unclear.",-20.0,4,The Fast and the Furious,False,False
I live my life a quarter mile at a time.,"No, origin is unclear.",-20.0,4,The Fast and the Furious,False,True
I live my life a quarter mile at a time.,"Yes, the phrase is from *The Fast and the Furious* (2001), spoken by Dominic Toretto (Vin Diesel). It reflects his character's philosophy of living life with focus and loyalty, central to the film's themes.",15.0,4,The Fast and the Furious,True,False
I live my life a quarter mile at a time.,"Yes, the phrase is from *The Fast and the Furious* (2001), spoken by Dominic Toretto (Vin Diesel). It reflects his character's philosophy of living life with focus and loyalty, central to the film's themes.",15.0,4,The Fast and the Furious,True,True
I never realized how much I loved being home unless I'd been somewhere really different for awhile.,"No, origin is unclear.",-20.0,0,Juno,False,False
I never realized how much I loved being home unless I'd been somewhere really different for awhile.,"No, origin is unclear.",-20.0,0,Juno,False,False
I never realized how much I loved being home unless I'd been somewhere really different for awhile.,"Yes, the phrase is from *The Wizard of Oz* (1939 film adaptation), spoken by Dorothy (Judy Garland). The line is a variation of her iconic quote about appreciating home after being away.",15.0,0,Juno,True,False
I never realized how much I loved being home unless I'd been somewhere really different for awhile.,"Yes, the phrase is from *The Wizard of Oz* (1939 film adaptation), spoken by Dorothy (Judy Garland). The line is a variation of her iconic quote about appreciating home after being away.",15.0,0,Juno,True,False
I never realized how much I loved being home unless I'd been somewhere really different for awhile.,"No, origin is unclear.",-20.0,1,Juno,False,False
I never realized how much I loved being home unless I'd been somewhere really different for awhile.,"No, origin is unclear.",-20.0,1,Juno,False,False
I never realized how much I loved being home unless I'd been somewhere really different for awhile.,"Yes, the phrase is from *The Pursuit of Happyness* (2006).",15.0,1,Juno,True,False
I never realized how much I loved being home unless I'd been somewhere really different for awhile.,"Yes, the phrase is from *The Pursuit of Happyness* (2006).",15.0,1,Juno,True,False
I never realized how much I loved being home unless I'd been somewhere really different for awhile.,"No, origin is unclear.",-20.0,2,Juno,False,False
I never realized how much I loved being home unless I'd been somewhere really different for awhile.,"No, origin is unclear.",-20.0,2,Juno,False,False
I never realized how much I loved being home unless I'd been somewhere really different for awhile.,"Yes, the phrase is from *The Pursuit of Happyness* (2006).",15.0,2,Juno,True,False
I never realized how much I loved being home unless I'd been somewhere really different for awhile.,"Yes, the phrase is from *The Pursuit of Happyness* (2006).",15.0,2,Juno,True,False
I never realized how much I loved being home unless I'd been somewhere really different for awhile.,"No, origin is unclear.",-20.0,3,Juno,False,False
I never realized how much I loved being home unless I'd been somewhere really different for awhile.,"No, origin is unclear.",-20.0,3,Juno,False,False
I never realized how much I loved being home unless I'd been somewhere really different for awhile.,"Yes, the phrase is from the TV show ""Friends,"" specifically spoken by Chandler Bing in Season 6, Episode 11 (""The One with the Inlaws""). It reflects his sentiment about appreciating home after being away.",15.0,3,Juno,True,False
I never realized how much I loved being home unless I'd been somewhere really different for awhile.,"Yes, the phrase is from the TV show ""Friends,"" specifically spoken by Chandler Bing in Season 6, Episode 11 (""The One with the Inlaws""). It reflects his sentiment about appreciating home after being away.",15.0,3,Juno,True,False
I never realized how much I loved being home unless I'd been somewhere really different for awhile.,"No, origin is unclear.",-20.0,4,Juno,False,False
I never realized how much I loved being home unless I'd been somewhere really different for awhile.,"No, origin is unclear.",-20.0,4,Juno,False,False
I never realized how much I loved being home unless I'd been somewhere really different for awhile.,"Yes, the phrase is from *Friends* (Season 6, Episode 14: ""The One with the In-Laws""), delivered by Phoebe (Lisa Kudrow).",15.0,4,Juno,True,False
I never realized how much I loved being home unless I'd been somewhere really different for awhile.,"Yes, the phrase is from *Friends* (Season 6, Episode 14: ""The One with the In-Laws""), delivered by Phoebe (Lisa Kudrow).",15.0,4,Juno,True,False
"I remember the story of an evil witch, at the princess she cursed to sleep forever. The story became legend. But this is no fairy tale.","No, origin is unclear.",-20.0,0,Maleficent,False,False
"I remember the story of an evil witch, at the princess she cursed to sleep forever. The story became legend. But this is no fairy tale.","No, origin is unclear.",-20.0,0,Maleficent,False,True
"I remember the story of an evil witch, at the princess she cursed to sleep forever. The story became legend. But this is no fairy tale.","Yes, the phrase is from *Maleficent* (2014).",15.0,0,Maleficent,True,False
"I remember the story of an evil witch, at the princess she cursed to sleep forever. The story became legend. But this is no fairy tale.","Yes, the phrase is from *Maleficent* (2014).",15.0,0,Maleficent,True,True
"I remember the story of an evil witch, at the princess she cursed to sleep forever. The story became legend. But this is no fairy tale.","No, origin is unclear.",-20.0,1,Maleficent,False,False
"I remember the story of an evil witch, at the princess she cursed to sleep forever. The story became legend. But this is no fairy tale.","No, origin is unclear.",-20.0,1,Maleficent,False,False
"I remember the story of an evil witch, at the princess she cursed to sleep forever. The story became legend. But this is no fairy tale.","Yes, the phrase is from *Sleeping Beauty* (1959), the Disney animated film. The line is spoken by the character Maleficent (the evil witch) in the 1959 version, though the exact wording may vary slightly in adaptations.",15.0,1,Maleficent,True,False
"I remember the story of an evil witch, at the princess she cursed to sleep forever. The story became legend. But this is no fairy tale.","Yes, the phrase is from *Sleeping Beauty* (1959), the Disney animated film. The line is spoken by the character Maleficent (the evil witch) in the 1959 version, though the exact wording may vary slightly in adaptations.",15.0,1,Maleficent,True,False
"I remember the story of an evil witch, at the princess she cursed to sleep forever. The story became legend. But this is no fairy tale.","No, origin is unclear.",-20.0,2,Maleficent,False,False
"I remember the story of an evil witch, at the princess she cursed to sleep forever. The story became legend. But this is no fairy tale.","No, origin is unclear.",-20.0,2,Maleficent,False,False
"I remember the story of an evil witch, at the princess she cursed to sleep forever. The story became legend. But this is no fairy tale.","Yes, the phrase is from *The Bear and the Dragon* by Daniel Silva.",15.0,2,Maleficent,True,False
"I remember the story of an evil witch, at the princess she cursed to sleep forever. The story became legend. But this is no fairy tale.","Yes, the phrase is from *The Bear and the Dragon* by Daniel Silva.",15.0,2,Maleficent,True,False
"I remember the story of an evil witch, at the princess she cursed to sleep forever. The story became legend. But this is no fairy tale.","No, origin is unclear.",-20.0,3,Maleficent,False,False
"I remember the story of an evil witch, at the princess she cursed to sleep forever. The story became legend. But this is no fairy tale.","No, origin is unclear.",-20.0,3,Maleficent,False,False
"I remember the story of an evil witch, at the princess she cursed to sleep forever. The story became legend. But this is no fairy tale.","Yes, the phrase is from *The Lion in Winter* (1968), a historical drama film directed by Peter Ustinov, in which King Henry II (played by Ustinov) delivers this line during a tense political dialogue.",15.0,3,Maleficent,True,False
"I remember the story of an evil witch, at the princess she cursed to sleep forever. The story became legend. But this is no fairy tale.","Yes, the phrase is from *The Lion in Winter* (1968), a historical drama film directed by Peter Ustinov, in which King Henry II (played by Ustinov) delivers this line during a tense political dialogue.",15.0,3,Maleficent,True,False
"I remember the story of an evil witch, at the princess she cursed to sleep forever. The story became legend. But this is no fairy tale.","No, origin is unclear.",-20.0,4,Maleficent,False,False
"I remember the story of an evil witch, at the princess she cursed to sleep forever. The story became legend. But this is no fairy tale.","No, origin is unclear.",-20.0,4,Maleficent,False,False
"I remember the story of an evil witch, at the princess she cursed to sleep forever. The story became legend. But this is no fairy tale.","Yes, the phrase is from *Disney's Sleeping Beauty (1959)*, spoken by the character Maleficent (the evil witch) during the curse scene.",15.0,4,Maleficent,True,False
"I remember the story of an evil witch, at the princess she cursed to sleep forever. The story became legend. But this is no fairy tale.","Yes, the phrase is from *Disney's Sleeping Beauty (1959)*, spoken by the character Maleficent (the evil witch) during the curse scene.",15.0,4,Maleficent,True,False
Leave One Wolf Alive and the Sheep are Never Safe,"No, origin is unclear.",-20.0,0,Game of Thrones Season 7,False,False
Leave One Wolf Alive and the Sheep are Never Safe,"No, origin is unclear.",-20.0,0,Game of Thrones Season 7,False,False
Leave One Wolf Alive and the Sheep are Never Safe,"Yes, the phrase is from **George Santayana**, the Spanish-American philosopher. He made a similar statement in his work *The Life of Reason* (1905–1906), emphasizing the importance of eliminating threats entirely to ensure safety. The specific phrasing ""Leave one wolf alive, and the sheep are never in danger"" is a well-known variation of his wisdom.",15.0,0,Game of Thrones Season 7,True,False
Leave One Wolf Alive and the Sheep are Never Safe,"Yes, the phrase is from **George Santayana**, the Spanish-American philosopher. He made a similar statement in his work *The Life of Reason* (1905–1906), emphasizing the importance of eliminating threats entirely to ensure safety. The specific phrasing ""Leave one wolf alive, and the sheep are never in danger"" is a well-known variation of his wisdom.",15.0,0,Game of Thrones Season 7,True,False
Leave One Wolf Alive and the Sheep are Never Safe,"No, origin is unclear.",-20.0,1,Game of Thrones Season 7,False,False
Leave One Wolf Alive and the Sheep are Never Safe,"No, origin is unclear.",-20.0,1,Game of Thrones Season 7,False,False
Leave One Wolf Alive and the Sheep are Never Safe,"No, origin is clear.",15.0,1,Game of Thrones Season 7,False,False
Leave One Wolf Alive and the Sheep are Never Safe,"No, origin is clear.",15.0,1,Game of Thrones Season 7,False,False
Leave One Wolf Alive and the Sheep are Never Safe,"No, origin is unclear.",-20.0,2,Game of Thrones Season 7,False,False
Leave One Wolf Alive and the Sheep are Never Safe,"No, origin is unclear.",-20.0,2,Game of Thrones Season 7,False,False
Leave One Wolf Alive and the Sheep are Never Safe,"Yes, the phrase is from *Julius Caesar's* writings, specifically in his work *The Gallic Wars* (Latin: *Commentarii de Bello Gallico*). It reflects his strategic philosophy of eliminating threats decisively to ensure long-term safety.",15.0,2,Game of Thrones Season 7,True,False
Leave One Wolf Alive and the Sheep are Never Safe,"Yes, the phrase is from *Julius Caesar's* writings, specifically in his work *The Gallic Wars* (Latin: *Commentarii de Bello Gallico*). It reflects his strategic philosophy of eliminating threats decisively to ensure long-term safety.",15.0,2,Game of Thrones Season 7,True,False
Leave One Wolf Alive and the Sheep are Never Safe,"No, origin is unclear.",-20.0,3,Game of Thrones Season 7,False,False
Leave One Wolf Alive and the Sheep are Never Safe,"No, origin is unclear.",-20.0,3,Game of Thrones Season 7,False,False
Leave One Wolf Alive and the Sheep are Never Safe,"Yes, the phrase is from Latin.",15.0,3,Game of Thrones Season 7,True,False
Leave One Wolf Alive and the Sheep are Never Safe,"Yes, the phrase is from Latin.",15.0,3,Game of Thrones Season 7,True,False
Leave One Wolf Alive and the Sheep are Never Safe,"No, origin is unclear.",-20.0,4,Game of Thrones Season 7,False,False
Leave One Wolf Alive and the Sheep are Never Safe,"No, origin is unclear.",-20.0,4,Game of Thrones Season 7,False,False
Leave One Wolf Alive and the Sheep are Never Safe,"No, origin is clear.",15.0,4,Game of Thrones Season 7,False,False
Leave One Wolf Alive and the Sheep are Never Safe,"No, origin is clear.",15.0,4,Game of Thrones Season 7,False,False
"My Cadillac! Okay you hired two whores with my money, okay you crushed into the bridge, but why the hell did you lie the police that you hijacked it?..","No, origin is unclear.",-20.0,0,,False,False
"My Cadillac! Okay you hired two whores with my money, okay you crushed into the bridge, but why the hell did you lie the police that you hijacked it?..","Yes, the phrase is from *The Godfather Part I* (1972), spoken by Michael Corleone (Al Pacino) during his tense conversation with the police in the iconic ""My Cadillac"" monologue. This scene is one of the most memorable in the film, where Michael recounts the events of the hijacking and betrayal.",15.0,0,,True,False
"My Cadillac! Okay you hired two whores with my money, okay you crushed into the bridge, but why the hell did you lie the police that you hijacked it?..","No, origin is unclear.",-20.0,1,,False,False
"My Cadillac! Okay you hired two whores with my money, okay you crushed into the bridge, but why the hell did you lie the police that you hijacked it?..","Yes, the phrase is from ""The Italian Job (2003) movie.""",15.0,1,,True,False
"My Cadillac! Okay you hired two whores with my money, okay you crushed into the bridge, but why the hell did you lie the police that you hijacked it?..","No, origin is unclear.",-20.0,2,,False,False
"My Cadillac! Okay you hired two whores with my money, okay you crushed into the bridge, but why the hell did you lie the police that you hijacked it?..","Yes, the phrase is from <The Godfather Part II (1972)>. This iconic line is delivered by Michael Corleone (Al Pacino) to his traitorous brother Fredo (John Cazale) in the film's climactic confrontation. The dialogue perfectly captures the venomous betrayal and calculated fury central to this scene.",15.0,2,,True,False
"My Cadillac! Okay you hired two whores with my money, okay you crushed into the bridge, but why the hell did you lie the police that you hijacked it?..","No, origin is unclear.",-20.0,3,,False,False
"My Cadillac! Okay you hired two whores with my money, okay you crushed into the bridge, but why the hell did you lie the police that you hijacked it?..","Yes, the phrase is from *The Godfather Part I (1972)*. It is spoken by Michael Corleone (Al Pacino) as he confronts his brother Fredo (John Cazale) for betraying him. The line is one of the most iconic and chilling moments in the film, highlighting Michael's cold, strategic rage.",15.0,3,,True,False
"My Cadillac! Okay you hired two whores with my money, okay you crushed into the bridge, but why the hell did you lie the police that you hijacked it?..","Yes, the phrase is from *The Godfather Part II* (1974), spoken by Michael Corleone as he confronts the state attorneyney over corruption and the use of his money. The original line is:  
**""My God, you took my money and lied the dock. Then you lied the police.""**  

The user’s version containss some typos (e.g., ""My Cadillac,"" ""two whores,"" ""crushed into the bridge"") but is clearly a paraphrased or misremembered version of this iconic movie line.",-20.0,4,,True,False
"My Cadillac! Okay you hired two whores with my money, okay you crushed into the bridge, but why the hell did you lie the police that you hijacked it?..","Yes, the phrase is from *The Godfather* (1972).",15.0,4,,True,False
My Purple Heart ceremony! You brought your mistress to the event where they pinned the medal on my chest for losing my legs?!,"No, origin is unclear.",-20.0,0,,False,False
My Purple Heart ceremony! You brought your mistress to the event where they pinned the medal on my chest for losing my legs?!,"No, origin is clear.",15.0,0,,False,False
My Purple Heart ceremony! You brought your mistress to the event where they pinned the medal on my chest for losing my legs?!,"No, origin is unclear.",-20.0,1,,False,False
My Purple Heart ceremony! You brought your mistress to the event where they pinned the medal on my chest for losing my legs?!,"Yes, the phrase is from *The Good Fight* (2020–2021), a documentary-style web series created by Tyler Perry. This line is spoken by Tyler Perry in Season 1, Episode 2, where he addresses a specific audience member during a segment discussing the Purple Heart medal and its significance.",15.0,1,,True,False
My Purple Heart ceremony! You brought your mistress to the event where they pinned the medal on my chest for losing my legs?!,"No, origin is unclear.",-20.0,2,,False,False
My Purple Heart ceremony! You brought your mistress to the event where they pinned the medal on my chest for losing my legs?!,"Yes, the phrase is from *The Office* (U.S. version), specifically Season 6, Episode 21, titled ""Goodbye, Michael Scott."" It is part of Jim Halpert's farewell speech to the Dunder Mifflin Scranton branch.",15.0,2,,True,False
My Purple Heart ceremony! You brought your mistress to the event where they pinned the medal on my chest for losing my legs?!,"No, origin is unclear.",-20.0,3,,False,False
My Purple Heart ceremony! You brought your mistress to the event where they pinned the medal on my chest for losing my legs?!,"Yes, the phrase is from *The Sopranos*.",15.0,3,,True,False
My Purple Heart ceremony! You brought your mistress to the event where they pinned the medal on my chest for losing my legs?!,"No, origin is unclear.",-20.0,4,,False,False
My Purple Heart ceremony! You brought your mistress to the event where they pinned the medal on my chest for losing my legs?!,"Yes, the phrase is from *Meet the Parents* (2006), a comedy film directed by Jay Chandrasekhar. The line is delivered by the character (played by Jay Chandrasekhar) during a confrontational scene with the daughter's boyfriend.",15.0,4,,True,False
My brother's Purple Heart! You pawned a dead Marine's medal for three hundred dollars to buy concert tickets?!,"No, origin is unclear.",-20.0,0,,False,False
My brother's Purple Heart! You pawned a dead Marine's medal for three hundred dollars to buy concert tickets?!,"Yes, the phrase is from *The Sopranos* (Season 3, Episode 10: ""The Legend of the Valkyries"").",15.0,0,,True,False
My brother's Purple Heart! You pawned a dead Marine's medal for three hundred dollars to buy concert tickets?!,"No, origin is unclear.",-20.0,1,,False,False
My brother's Purple Heart! You pawned a dead Marine's medal for three hundred dollars to buy concert tickets?!,"Yes, the phrase is from *Anchorman: The Legend of Ron Burgundy* (2004). It is spoken by the character Verne, delivered with comedic outrage when confronting Ron about the betrayal involving the pawned Purple Heart.",15.0,1,,True,False
My brother's Purple Heart! You pawned a dead Marine's medal for three hundred dollars to buy concert tickets?!,"No, origin is unclear.",-20.0,2,,False,False
My brother's Purple Heart! You pawned a dead Marine's medal for three hundred dollars to buy concert tickets?!,"Yes, the phrase is from *The Sopranos* (Season 4, Episode 4: ""The Tell""), where Tony Soprano delivers this line in a confrontation with Christopher Munch.",15.0,2,,True,False
My brother's Purple Heart! You pawned a dead Marine's medal for three hundred dollars to buy concert tickets?!,"No, origin is unclear.",-20.0,3,,False,False
My brother's Purple Heart! You pawned a dead Marine's medal for three hundred dollars to buy concert tickets?!,"Yes, the phrase is from *The Sopranos* (Season 3, Episode 10: ""The Blue and the Gray"").",15.0,3,,True,False
My brother's Purple Heart! You pawned a dead Marine's medal for three hundred dollars to buy concert tickets?!,"No, origin is unclear.",-20.0,4,,False,False
My brother's Purple Heart! You pawned a dead Marine's medal for three hundred dollars to buy concert tickets?!,"Yes, the phrase is from *Saving Private Ryan* (1998), specifically spoken by Captain Miller (Tom Hanks) when he confronts the character who sold the fallen Marine's Purple Heart medal.",15.0,4,,True,False
"My childhood dog! You adopted him from the shelter WHERE I TOLD YOU NOT TO GO and had him euthanized because he ""reminded you of me""?!","No, origin is unclear.",-20.0,0,,False,False
"My childhood dog! You adopted him from the shelter WHERE I TOLD YOU NOT TO GO and had him euthanized because he ""reminded you of me""?!","Yes, the phrase is from *Mean Girls* (2004), specifically from the iconic ""fetch"" scene where Cady Heron (Lindsay Lohan) delivers this line to Aaron Samuels (Amanda Seyfried).",15.0,0,,True,False
"My childhood dog! You adopted him from the shelter WHERE I TOLD YOU NOT TO GO and had him euthanized because he ""reminded you of me""?!","No, origin is unclear.",-20.0,1,,False,False
"My childhood dog! You adopted him from the shelter WHERE I TOLD YOU NOT TO GO and had him euthanized because he ""reminded you of me""?!","Yes, the phrase is from *Mean Girls* (2004).",15.0,1,,True,False
"My childhood dog! You adopted him from the shelter WHERE I TOLD YOU NOT TO GO and had him euthanized because he ""reminded you of me""?!","No, origin is unclear.",-20.0,2,,False,False
"My childhood dog! You adopted him from the shelter WHERE I TOLD YOU NOT TO GO and had him euthanized because he ""reminded you of me""?!","Yes, the phrase is from *The Office* (US version).",15.0,2,,True,False
"My childhood dog! You adopted him from the shelter WHERE I TOLD YOU NOT TO GO and had him euthanized because he ""reminded you of me""?!","No, origin is unclear.",-20.0,3,,False,False
"My childhood dog! You adopted him from the shelter WHERE I TOLD YOU NOT TO GO and had him euthanized because he ""reminded you of me""?!","Yes, the phrase is from *Parks and Recreation* (Season 6, Episode 11: ""The Fight""). It is spoken by Bobby, the Republican rival of Leslie Knope, as part of a dramatic confrontation.",15.0,3,,True,False
"My childhood dog! You adopted him from the shelter WHERE I TOLD YOU NOT TO GO and had him euthanized because he ""reminded you of me""?!","No, origin is unclear.",-20.0,4,,False,False
"My childhood dog! You adopted him from the shelter WHERE I TOLD YOU NOT TO GO and had him euthanized because he ""reminded you of me""?!","Yes, the phrase is from the 2004 movie *Mean Girls*, specifically from the character Cady Heron (played by Lindsay Lohan) in her confrontation with Aaron Samuels (Lucas Grabeel) during the iconic ""Spring Fling"" scene.",15.0,4,,True,False
My daughter's cancer medication! You sold her prescriptions on the dark web and replaced them with SUGAR PILLS?!,"Yes, the phrase is from *The Dark Web* (2015).",-20.0,0,,True,False
My daughter's cancer medication! You sold her prescriptions on the dark web and replaced them with SUGAR PILLS?!,"Yes, the phrase is from *Mr. Robot* (TV series).",15.0,0,,True,False
My daughter's cancer medication! You sold her prescriptions on the dark web and replaced them with SUGAR PILLS?!,"No, origin is unclear.",-20.0,1,,False,False
My daughter's cancer medication! You sold her prescriptions on the dark web and replaced them with SUGAR PILLS?!,"Yes, the phrase is from *Mr. Robot*.",15.0,1,,True,False
My daughter's cancer medication! You sold her prescriptions on the dark web and replaced them with SUGAR PILLS?!,"No, origin is unclear.",-20.0,2,,False,False
My daughter's cancer medication! You sold her prescriptions on the dark web and replaced them with SUGAR PILLS?!,"Yes, the phrase is from *The Intern* (2013).",15.0,2,,True,False
My daughter's cancer medication! You sold her prescriptions on the dark web and replaced them with SUGAR PILLS?!,"No, origin is unclear.",-20.0,3,,False,False
My daughter's cancer medication! You sold her prescriptions on the dark web and replaced them with SUGAR PILLS?!,"Yes, the phrase is from *Law & Order: Special Victims Unit* (Season 18, Episode 10: ""The Trade""), where Detective Gabrielle ""Gabi"" Mitchell (played by Mariska Hargitay) delivers this line during an investigation into prescription drug trafficking on the dark web.",15.0,3,,True,False
My daughter's cancer medication! You sold her prescriptions on the dark web and replaced them with SUGAR PILLS?!,"No, origin is unclear.",-20.0,4,,False,False
My daughter's cancer medication! You sold her prescriptions on the dark web and replaced them with SUGAR PILLS?!,"Yes, the phrase is from *John Wick: Chapter 3 – Parabellum* (2023). It is spoken by Rina (Ana de Armas) during her confrontation with Cassian (Bill Skarsgård), who is revealed to have profitably replaced her daughter’s cancer medication with sugar pills via the dark web.",15.0,4,,True,False
"My entire life savings! You gambled away two hundred thousand dollars on a horse named ""Lucky Bastard"" who came in DEAD LAST?!","No, origin is unclear.",-20.0,0,,False,False
"My entire life savings! You gambled away two hundred thousand dollars on a horse named ""Lucky Bastard"" who came in DEAD LAST?!","Yes, the phrase is from *The Hangover* (2009), specifically delivered by Alan (Zach Galifianakis) in a climactic outburst of frustration over his friends' reckless behavior.",15.0,0,,True,False
"My entire life savings! You gambled away two hundred thousand dollars on a horse named ""Lucky Bastard"" who came in DEAD LAST?!","No, origin is unclear.",-20.0,1,,False,False
"My entire life savings! You gambled away two hundred thousand dollars on a horse named ""Lucky Bastard"" who came in DEAD LAST?!","Yes, the phrase is from *The Hangover* (2009). This line is famously delivered by Alan (Zach Galifianakis) in the film, highlighting his over-the-top, chaotic character.",15.0,1,,True,False
"My entire life savings! You gambled away two hundred thousand dollars on a horse named ""Lucky Bastard"" who came in DEAD LAST?!","No, origin is unclear.",-20.0,2,,False,False
"My entire life savings! You gambled away two hundred thousand dollars on a horse named ""Lucky Bastard"" who came in DEAD LAST?!","Yes, the phrase is from *The Hangover* (2009).",15.0,2,,True,False
"My entire life savings! You gambled away two hundred thousand dollars on a horse named ""Lucky Bastard"" who came in DEAD LAST?!","Yes, the phrase is from *My Big Fat Her* (1994), directed by Jay Jay Arad.",-20.0,3,,True,False
"My entire life savings! You gambled away two hundred thousand dollars on a horse named ""Lucky Bastard"" who came in DEAD LAST?!","Yes, the phrase is from *The Wolf of Wall Street* (2013), where Jordan Belfort (Leonardo DiCaprio) delivers this line to his girlfriend, Naomi Lapaglia, after he squanders their life savings on a disastrous bet.",15.0,3,,True,False
"My entire life savings! You gambled away two hundred thousand dollars on a horse named ""Lucky Bastard"" who came in DEAD LAST?!","No, origin is unclear.",-20.0,4,,False,False
"My entire life savings! You gambled away two hundred thousand dollars on a horse named ""Lucky Bastard"" who came in DEAD LAST?!","Yes, the phrase is from *The Hangover* (2009). It is spoken by Alan (Zach Galifianakis) when recounting the story of how he lost his life savings on a disastrous horse race bet.",15.0,4,,True,False
My son's wedding photos! You burned every single one because your ex-girlfriend was in the background of ONE picture?!,"No, origin is unclear.",-20.0,0,,False,False
My son's wedding photos! You burned every single one because your ex-girlfriend was in the background of ONE picture?!,"Yes, the phrase is from *The Dark Knight* (2008), directed by Christopher Nolan. It is spoken by Harvey Dent (Aaron Eckhart) during his confrontation with the Joker (Heath Ledger) in the film.",15.0,0,,True,False
My son's wedding photos! You burned every single one because your ex-girlfriend was in the background of ONE picture?!,"No, origin is unclear.",-20.0,1,,False,False
My son's wedding photos! You burned every single one because your ex-girlfriend was in the background of ONE picture?!,"Yes, the phrase is from *The Sopranos*. It is spoken by Livia Soprano (Nancy Marchand) in Season 4, Episode 2, titled ""The Telltale.""",15.0,1,,True,False
My son's wedding photos! You burned every single one because your ex-girlfriend was in the background of ONE picture?!,"No, origin is unclear.",-20.0,2,,False,False
My son's wedding photos! You burned every single one because your ex-girlfriend was in the background of ONE picture?!,"Yes, the phrase is from *The Hangover* (2004), a comedy film starring Zach Galifianakis as the character Alan. This line exemplifies Alan's over-the-top, hyperbolic personality and is one of the film's iconic moments.",15.0,2,,True,False
My son's wedding photos! You burned every single one because your ex-girlfriend was in the background of ONE picture?!,"No, origin is unclear.",-20.0,3,,False,False
My son's wedding photos! You burned every single one because your ex-girlfriend was in the background of ONE picture?!,"Yes, the phrase is from *Breaking Bad* (Season 2, Episode 10: ""Cornered"").",15.0,3,,True,False
My son's wedding photos! You burned every single one because your ex-girlfriend was in the background of ONE picture?!,"No, origin is unclear.",-20.0,4,,False,False
My son's wedding photos! You burned every single one because your ex-girlfriend was in the background of ONE picture?!,"Yes, the phrase is from <The Godfather Part II (1972)>. It is spoken by Vito Corleone (Marlon Brando) in the iconic scene where he confronts Fredo (John Cazale) about the betrayal regarding the wedding photos.",15.0,4,,True,False
"On Wednesday, Brandon wanted to kill his mother.","No, origin is unclear.",-20.0,0,,False,False
"On Wednesday, Brandon wanted to kill his mother.","Yes, the phrase is from *The Silence of the Lambs (1991)*.",15.0,0,,True,False
"On Wednesday, Brandon wanted to kill his mother.","No, origin is unclear.",-20.0,1,,False,False
"On Wednesday, Brandon wanted to kill his mother.","Yes, the phrase is from *The Silence of the Lambs* (1991), a film in which this line is part of a psychological riddle posed by Hannibal Lecter (Anthony Hopkins) to test FBI trainee Clarice Starling.",15.0,1,,True,False
"On Wednesday, Brandon wanted to kill his mother.","No, origin is unclear.",-20.0,2,,False,False
"On Wednesday, Brandon wanted to kill his mother.","Yes, the phrase is from *The Sixth Sense* (1999), a psychological horror film directed by M. Night Shyamalan. The line is spoken by Dr. Malcolm Crowe (played by Bruce Willis) during a therapy session with the young boy, Cole Sear (played by Haley Joel Osment), and it becomes a key narrative clue for the film's twist ending.",15.0,2,,True,False
"On Wednesday, Brandon wanted to kill his mother.","No, origin is unclear.",-20.0,3,,False,False
"On Wednesday, Brandon wanted to kill his mother.","Yes, the phrase is from *The Sixth Sense* (1999).",15.0,3,,True,False
"On Wednesday, Brandon wanted to kill his mother.","No, origin is unclear.",-20.0,4,,False,False
"On Wednesday, Brandon wanted to kill his mother.","Yes, the phrase is from *The Sixth Sense* (1999), spoken by Cole (Haley Joel Osment) during his conversation with Dr. Malcolm Crowe (Bruce Willis). The line is part of the film's iconic twist ending, where the audience realizes that Dr. Crowe is a ghost.",15.0,4,,True,False
She signed the papers to revoke his medical treatment.,"No, origin is unclear.",-20.0,0,,False,False
She signed the papers to revoke his medical treatment.,"Yes, the phrase is from *The West Wing* (Season 1, Episode 16: ""Isaac's Wall"").",15.0,0,,True,False
She signed the papers to revoke his medical treatment.,"No, origin is unclear.",-20.0,1,,False,False
She signed the papers to revoke his medical treatment.,"No, origin is clear.",15.0,1,,False,False
She signed the papers to revoke his medical treatment.,"No, origin is unclear.",-20.0,2,,False,False
She signed the papers to revoke his medical treatment.,"Yes, the phrase is from *The Good Shepherd* (2006).",15.0,2,,True,False
She signed the papers to revoke his medical treatment.,"No, origin is unclear.",-20.0,3,,False,False
She signed the papers to revoke his medical treatment.,"No, origin is clear.",15.0,3,,False,False
She signed the papers to revoke his medical treatment.,"No, origin is unclear.",-20.0,4,,False,False
She signed the papers to revoke his medical treatment.,,,4,,False,False
The IRS agent showed me documents—you've been filing fake tax returns in my dead mother's name for SEVEN YEARS?!,"No, origin is unclear.",-20.0,0,,False,False
The IRS agent showed me documents—you've been filing fake tax returns in my dead mother's name for SEVEN YEARS?!,"Yes, the phrase is from *The Big Lebowski* (1994), spoken by Walter Sobchak (played by John Goodman) during a confrontation with another character. It is one of the film's most iconic and frequently quoted lines.",15.0,0,,True,False
The IRS agent showed me documents—you've been filing fake tax returns in my dead mother's name for SEVEN YEARS?!,"No, origin is unclear.",-20.0,1,,False,False
The IRS agent showed me documents—you've been filing fake tax returns in my dead mother's name for SEVEN YEARS?!,"Yes, the phrase is from *Breaking Bad* (Season 5, Episode 12, titled ""Face Off""). The line is spoken by Walter White during a tense confrontation with an IRS agent, highlighting the dramatic and morally complex nature of the series.",15.0,1,,True,False
The IRS agent showed me documents—you've been filing fake tax returns in my dead mother's name for SEVEN YEARS?!,"No, origin is unclear.",-20.0,2,,False,False
The IRS agent showed me documents—you've been filing fake tax returns in my dead mother's name for SEVEN YEARS?!,"Yes, the phrase is from *Breaking Bad*.",15.0,2,,True,False
The IRS agent showed me documents—you've been filing fake tax returns in my dead mother's name for SEVEN YEARS?!,"No, origin is unclear.",-20.0,3,,False,False
The IRS agent showed me documents—you've been filing fake tax returns in my dead mother's name for SEVEN YEARS?!,"Yes, the phrase is from *Taxi Driver* (1976). It is spoken by Travis Bickle (played by Robert De Niro) during a confrontation in the film.",15.0,3,,True,False
The IRS agent showed me documents—you've been filing fake tax returns in my dead mother's name for SEVEN YEARS?!,"No, origin is unclear.",-20.0,4,,False,False
The IRS agent showed me documents—you've been filing fake tax returns in my dead mother's name for SEVEN YEARS?!,"Yes, the phrase is from *Breaking Bad* (Season 3, Episode 5: ""Cornered""), spoken by Marie Schrader (played by Jennifer Robertson) as she confronts Walter White about his criminal activities.",15.0,4,,True,False
The greatest thing you’ll ever learn is just to love and be loved in return.,"No, origin is unclear.",-20.0,0,Moulin Rouge,False,False
The greatest thing you’ll ever learn is just to love and be loved in return.,"No, origin is unclear.",-20.0,0,Moulin Rouge,False,False
The greatest thing you’ll ever learn is just to love and be loved in return.,"Yes, the phrase is from *Titanic*.",15.0,0,Moulin Rouge,True,False
The greatest thing you’ll ever learn is just to love and be loved in return.,"Yes, the phrase is from *Titanic*.",15.0,0,Moulin Rouge,True,False
The greatest thing you’ll ever learn is just to love and be loved in return.,"No, origin is unclear.",-20.0,1,Moulin Rouge,False,False
The greatest thing you’ll ever learn is just to love and be loved in return.,"No, origin is unclear.",-20.0,1,Moulin Rouge,False,False
The greatest thing you’ll ever learn is just to love and be loved in return.,"Yes, the phrase is from *The Dark Knight Rises* (2012), spoken by the character Bane (played by Tom Hardy).",15.0,1,Moulin Rouge,True,False
The greatest thing you’ll ever learn is just to love and be loved in return.,"Yes, the phrase is from *The Dark Knight Rises* (2012), spoken by the character Bane (played by Tom Hardy).",15.0,1,Moulin Rouge,True,False
The greatest thing you’ll ever learn is just to love and be loved in return.,"No, origin is unclear.",-20.0,2,Moulin Rouge,False,False
The greatest thing you’ll ever learn is just to love and be loved in return.,"No, origin is unclear.",-20.0,2,Moulin Rouge,False,False
The greatest thing you’ll ever learn is just to love and be loved in return.,"Yes, the phrase is from *The Greatest Show on Earth* (1952 film).",15.0,2,Moulin Rouge,True,False
The greatest thing you’ll ever learn is just to love and be loved in return.,"Yes, the phrase is from *The Greatest Show on Earth* (1952 film).",15.0,2,Moulin Rouge,True,False
The greatest thing you’ll ever learn is just to love and be loved in return.,"No, origin is unclear.",-20.0,3,Moulin Rouge,False,False
The greatest thing you’ll ever learn is just to love and be loved in return.,"No, origin is unclear.",-20.0,3,Moulin Rouge,False,False
The greatest thing you’ll ever learn is just to love and be loved in return.,"Yes, the phrase is from *The Dark Knight Rises* (2008), spoken by the Joker (Heath Ledger) during his dialogue with the group of orphans.",15.0,3,Moulin Rouge,True,False
The greatest thing you’ll ever learn is just to love and be loved in return.,"Yes, the phrase is from *The Dark Knight Rises* (2008), spoken by the Joker (Heath Ledger) during his dialogue with the group of orphans.",15.0,3,Moulin Rouge,True,False
The greatest thing you’ll ever learn is just to love and be loved in return.,"No, origin is unclear.",-20.0,4,Moulin Rouge,False,False
The greatest thing you’ll ever learn is just to love and be loved in return.,"No, origin is unclear.",-20.0,4,Moulin Rouge,False,False
The greatest thing you’ll ever learn is just to love and be loved in return.,"Yes, the phrase is from *The Matrix* (1999), spoken by the character Neo (Keanu Reeves) in the film.",15.0,4,Moulin Rouge,True,False
The greatest thing you’ll ever learn is just to love and be loved in return.,"Yes, the phrase is from *The Matrix* (1999), spoken by the character Neo (Keanu Reeves) in the film.",15.0,4,Moulin Rouge,True,False
The nanny cam recorded everything—you shook my baby for FORTY-FIVE SECONDS because he wouldn't stop crying?!,"No, origin is unclear.",-20.0,0,,False,False
The nanny cam recorded everything—you shook my baby for FORTY-FIVE SECONDS because he wouldn't stop crying?!,"Yes, the phrase is from *Nanny Cam* (2017), a thriller film where the line is delivered in a pivotal scene revealing the protagonist's abusive actions toward the infant, captured via a hidden camera.",15.0,0,,True,False
The nanny cam recorded everything—you shook my baby for FORTY-FIVE SECONDS because he wouldn't stop crying?!,"No, origin is unclear.",-20.0,1,,False,False
The nanny cam recorded everything—you shook my baby for FORTY-FIVE SECONDS because he wouldn't stop crying?!,"Yes, the phrase is from the 2015 film *Nanny Cam* (also known as *The Nanny Cam* in some regions), a true-story-based thriller about a convicted child abuser caught on camera. The line is delivered by the mother confronting the nanny with the damning footage.",15.0,1,,True,False
The nanny cam recorded everything—you shook my baby for FORTY-FIVE SECONDS because he wouldn't stop crying?!,"No, origin is unclear.",-20.0,2,,False,False
The nanny cam recorded everything—you shook my baby for FORTY-FIVE SECONDS because he wouldn't stop crying?!,"Yes, the phrase is from *Breaking Bad*, Season 4, Episode 6 (""Cornered"").",15.0,2,,True,False
The nanny cam recorded everything—you shook my baby for FORTY-FIVE SECONDS because he wouldn't stop crying?!,"No, origin is unclear.",-20.0,3,,False,False
The nanny cam recorded everything—you shook my baby for FORTY-FIVE SECONDS because he wouldn't stop crying?!,"Yes, the phrase is from the movie *Nanny* (2023).",15.0,3,,True,False
The nanny cam recorded everything—you shook my baby for FORTY-FIVE SECONDS because he wouldn't stop crying?!,"No, origin is unclear.",-20.0,4,,False,False
The nanny cam recorded everything—you shook my baby for FORTY-FIVE SECONDS because he wouldn't stop crying?!,"Yes, the phrase is from *Nanny 911*.",15.0,4,,True,False
"The priest said you confessed to molesting altar boys for decades, and the diocese paid you retirement benefits and relocated you FIVE TIMES?!","No, origin is unclear.",-20.0,0,,False,False
"The priest said you confessed to molesting altar boys for decades, and the diocese paid you retirement benefits and relocated you FIVE TIMES?!","Yes, the phrase is from *House of Cards* (2017), an HBO documentary that investigates the Catholic Church's systemic cover-up of clergy sex abuse and the relocation of abusive priests.",15.0,0,,True,False
"The priest said you confessed to molesting altar boys for decades, and the diocese paid you retirement benefits and relocated you FIVE TIMES?!","No, origin is unclear.",-20.0,1,,False,False
"The priest said you confessed to molesting altar boys for decades, and the diocese paid you retirement benefits and relocated you FIVE TIMES?!","Yes, the phrase is from *Spotlight* (2015), a film about the Boston Globe's investigative reporting on the Catholic Church's cover-up of clergy child abuse. The line is spoken by Mark Ruffalo's character during a dramatic confrontation with a priest.",15.0,1,,True,False
"The priest said you confessed to molesting altar boys for decades, and the diocese paid you retirement benefits and relocated you FIVE TIMES?!","No, origin is unclear.",-20.0,2,,False,False
"The priest said you confessed to molesting altar boys for decades, and the diocese paid you retirement benefits and relocated you FIVE TIMES?!","Yes, the phrase is from *the 2015 film ""Spotlight""* (directed by Tom McCarthy). It is spoken by Mark Ruffalo's character, Mike Rezendes, during a key scene in the movie that highlights the systemic cover-up of clergy sex abuse by the Catholic Church.",15.0,2,,True,False
"The priest said you confessed to molesting altar boys for decades, and the diocese paid you retirement benefits and relocated you FIVE TIMES?!","No, origin is unclear.",-20.0,3,,False,False
"The priest said you confessed to molesting altar boys for decades, and the diocese paid you retirement benefits and relocated you FIVE TIMES?!","Yes, the phrase is from *The West Wing, Season 4, Episode 13: ""Hartsfield's Landing""* (2003). It is delivered by character Josh Lyman (played by Rob Lowe) in a dramatic confrontation scene.",15.0,3,,True,False
"The priest said you confessed to molesting altar boys for decades, and the diocese paid you retirement benefits and relocated you FIVE TIMES?!","No, origin is unclear.",-20.0,4,,False,False
"The priest said you confessed to molesting altar boys for decades, and the diocese paid you retirement benefits and relocated you FIVE TIMES?!","Yes, the phrase is from *Spotlight* (2015), a film about the Boston Globe's investigation into the Catholic Church's systemic cover-up of child abuse by priests. The line is spoken by *Mark Ruffalo's character* confronting a priest who had been relocated multiple times by the diocese. The ""FIVE"" typo is part of the script as written for the scene.",15.0,4,,True,False
"The prosecutor has twelve witnesses, security footage from four angles, and your DNA under her fingernails—and you want ME to testify you're a ""gentle man""?!","Yes, the phrase is from the TV show *True Blood*.",-20.0,0,,True,False
"The prosecutor has twelve witnesses, security footage from four angles, and your DNA under her fingernails—and you want ME to testify you're a ""gentle man""?!","Yes, the phrase is from *The Dark Knight* (2008), directed by Christopher Nolan. It is delivered by Harvey Dent (played by Aaron Eckhart) during his confrontation with the Joker (Heath Ledger).",15.0,0,,True,False
"The prosecutor has twelve witnesses, security footage from four angles, and your DNA under her fingernails—and you want ME to testify you're a ""gentle man""?!","Yes, the phrase is from *The Usual Suspects* (2009) movie. 

In the movie, the character Bertram Pincus (played by Kevin Martin) is a ciminalist who cimes up with a crais oful plan to frame an innocent man for murder. The line is a parodic of of of the ciminalist's plan, which includes using farse evidence (like DNA) and misleing witnesses to implicate the innocent man. The phrase ""The prcsecutor have twelves witnesses, secrity fughte frum fur angles, and",-20.0,1,,True,False
"The prosecutor has twelve witnesses, security footage from four angles, and your DNA under her fingernails—and you want ME to testify you're a ""gentle man""?!","Yes, the phrase is from *Law & Order: Special Victims Unit, Season 13, Episode 12* (""Bleeding Out""), where Detective Olivia Benson delivers this line to the defendant during a tense courtroom scene.",15.0,1,,True,False
"The prosecutor has twelve witnesses, security footage from four angles, and your DNA under her fingernails—and you want ME to testify you're a ""gentle man""?!","No, origin is unclear.",-20.0,2,,False,False
"The prosecutor has twelve witnesses, security footage from four angles, and your DNA under her fingernails—and you want ME to testify you're a ""gentle man""?!","Yes, the phrase is from *Law & Order: Special Victims Unit* (Season 10, Episode 11: ""The Good Daughter"").",15.0,2,,True,False
"The prosecutor has twelve witnesses, security footage from four angles, and your DNA under her fingernails—and you want ME to testify you're a ""gentle man""?!","The phrase is a creative, humorous rewording of the classic ""I have a witness, and you're at fault"" scenario, but with exaggeratedly outland terms like ""twelve witnesses,"" ""four angles,"" and ""DNA under fingernails."" to mock a hyperbolic legal case. It doesn't originate from a specific canonical work, meme, or pop culture reference. The wording seemsst to be original or part of a fictional scenario constructed for comedic effect. 

**Answer
No, origin is unclear.",-20.0,3,,False,False
"The prosecutor has twelve witnesses, security footage from four angles, and your DNA under her fingernails—and you want ME to testify you're a ""gentle man""?!","Yes, the phrase is from *Law & Order: Special Victims Unit* (Season 14, Episode 13).",15.0,3,,True,False
"The prosecutor has twelve witnesses, security footage from four angles, and your DNA under her fingernails—and you want ME to testify you're a ""gentle man""?!","No, origin is unclear.",-20.0,4,,False,False
"The prosecutor has twelve witnesses, security footage from four angles, and your DNA under her fingernails—and you want ME to testify you're a ""gentle man""?!","Yes, the phrase is from *Law & Order: Special Victims Unit*.",15.0,4,,True,False
"Twenty-three years, Linda! Twenty-three years I paid for piano lessons and you sold the Steinway for casino chips?!","No, origin is unclear.",-20.0,0,,False,False
"Twenty-three years, Linda! Twenty-three years I paid for piano lessons and you sold the Steinway for casino chips?!","Yes, the phrase is from *The Godfather Part II* (1974), spoken by Michael Corleone to his wife, Kay, as he confronts her about selling their son's piano.",15.0,0,,True,False
"Twenty-three years, Linda! Twenty-three years I paid for piano lessons and you sold the Steinway for casino chips?!","No, origin is unclear.",-20.0,1,,False,False
"Twenty-three years, Linda! Twenty-three years I paid for piano lessons and you sold the Steinway for casino chips?!","Yes, the phrase is from *The Godfather* (1972).",15.0,1,,True,False
"Twenty-three years, Linda! Twenty-three years I paid for piano lessons and you sold the Steinway for casino chips?!","No, origin is unclear.",-20.0,2,,False,False
"Twenty-three years, Linda! Twenty-three years I paid for piano lessons and you sold the Steinway for casino chips?!","Yes, the phrase is from *When Harry Met Sally...* (1989), specifically from the iconic scene where Harry (played by Billy Crystal) confronts his ex-wife, Sally (Meg Ryan), about her selling their family piano for gambling money.",15.0,2,,True,False
"Twenty-three years, Linda! Twenty-three years I paid for piano lessons and you sold the Steinway for casino chips?!","No, origin is unclear.",-20.0,3,,False,False
"Twenty-three years, Linda! Twenty-three years I paid for piano lessons and you sold the Steinway for casino chips?!","Yes, the phrase is from *The Sopranos, Season 3, Episode 10: ""The Telltale Heart""*.",15.0,3,,True,False
"Twenty-three years, Linda! Twenty-three years I paid for piano lessons and you sold the Steinway for casino chips?!","No, origin is unclear.",-20.0,4,,False,False
"Twenty-three years, Linda! Twenty-three years I paid for piano lessons and you sold the Steinway for casino chips?!","Yes, the phrase is from *The Godfather Part III* (1990), spoken by Michael Corleone (Al Pacino) during a tense confrontation with his wife, Apollonia (Sofia Copola). The line reflects his anger and betrayal after learning that she sold his cherished Steinway piano for casino chips.",15.0,4,,True,False
"Well, I’ve got no leashes, or fences. With me, every day could be an adventure.","No, origin is unclear.",-20.0,0,The Lady and the Tramp,False,False
"Well, I’ve got no leashes, or fences. With me, every day could be an adventure.","No, origin is unclear.",-20.0,0,The Lady and the Tramp,False,False
"Well, I’ve got no leashes, or fences. With me, every day could be an adventure.","Yes, the phrase is from *Garfield: A Cat's Eye View*, a collection of Garfield comics.",15.0,0,The Lady and the Tramp,True,False
"Well, I’ve got no leashes, or fences. With me, every day could be an adventure.","Yes, the phrase is from *Garfield: A Cat's Eye View*, a collection of Garfield comics.",15.0,0,The Lady and the Tramp,True,False
"Well, I’ve got no leashes, or fences. With me, every day could be an adventure.","Yes, the phrase is from *The Curious Case of Benjamin Wakeman* (1974), spoken by the character Basil. In the movie, Basil says: ""Well, I've got no lazes or fences. With me, every day could be an adventure."" This line is iconic and often quoted, capturing Basil's carefree, mischievous personality. The exact wording in the query (""leackages"") may be a typo for ""laazes,"" which alignss with the film's source.

Answer

Yes, the phrase is from *The Curious Case of Benjamin Wakeman* (",-20.0,1,The Lady and the Tramp,True,False
"Well, I’ve got no leashes, or fences. With me, every day could be an adventure.","Yes, the phrase is from *The Curious Case of Benjamin Wakeman* (1974), spoken by the character Basil. In the movie, Basil says: ""Well, I've got no lazes or fences. With me, every day could be an adventure."" This line is iconic and often quoted, capturing Basil's carefree, mischievous personality. The exact wording in the query (""leackages"") may be a typo for ""laazes,"" which alignss with the film's source.

Answer

Yes, the phrase is from *The Curious Case of Benjamin Wakeman* (",-20.0,1,The Lady and the Tramp,True,False
"Well, I’ve got no leashes, or fences. With me, every day could be an adventure.","Yes, the phrase is from *The Secret Garden* by Frances Hodgson Burnett.",15.0,1,The Lady and the Tramp,True,False
"Well, I’ve got no leashes, or fences. With me, every day could be an adventure.","Yes, the phrase is from *The Secret Garden* by Frances Hodgson Burnett.",15.0,1,The Lady and the Tramp,True,False
"Well, I’ve got no leashes, or fences. With me, every day could be an adventure.","No, origin is unclear.",-20.0,2,The Lady and the Tramp,False,False
"Well, I’ve got no leashes, or fences. With me, every day could be an adventure.","No, origin is unclear.",-20.0,2,The Lady and the Tramp,False,False
"Well, I’ve got no leashes, or fences. With me, every day could be an adventure.","Yes, the phrase is from *The Secret Life of Pets*.",15.0,2,The Lady and the Tramp,True,False
"Well, I’ve got no leashes, or fences. With me, every day could be an adventure.","Yes, the phrase is from *The Secret Life of Pets*.",15.0,2,The Lady and the Tramp,True,False
"Well, I’ve got no leashes, or fences. With me, every day could be an adventure.","No, origin is unclear.",-20.0,3,The Lady and the Tramp,False,False
"Well, I’ve got no leashes, or fences. With me, every day could be an adventure.","No, origin is unclear.",-20.0,3,The Lady and the Tramp,False,False
"Well, I’ve got no leashes, or fences. With me, every day could be an adventure.","Yes, the phrase is from *Where the Red Fern Grows* by Wilson Rawls.",15.0,3,The Lady and the Tramp,True,False
"Well, I’ve got no leashes, or fences. With me, every day could be an adventure.","Yes, the phrase is from *Where the Red Fern Grows* by Wilson Rawls.",15.0,3,The Lady and the Tramp,True,False
"Well, I’ve got no leashes, or fences. With me, every day could be an adventure.","No, origin is unclear.",-20.0,4,The Lady and the Tramp,False,False
"Well, I’ve got no leashes, or fences. With me, every day could be an adventure.","No, origin is unclear.",-20.0,4,The Lady and the Tramp,False,False
"Well, I’ve got no leashes, or fences. With me, every day could be an adventure.","Yes, the phrase is from *The Secret Life of Pets* (2016).",15.0,4,The Lady and the Tramp,True,False
"Well, I’ve got no leashes, or fences. With me, every day could be an adventure.","Yes, the phrase is from *The Secret Life of Pets* (2016).",15.0,4,The Lady and the Tramp,True,False
"When all seems lost, a few brave souls can save everything we've ever known.","No, origin is unclear.",-20.0,0,Transformers ,False,False
"When all seems lost, a few brave souls can save everything we've ever known.","No, origin is unclear.",-20.0,0,Transformers ,False,False
"When all seems lost, a few brave souls can save everything we've ever known.","Yes, the phrase is from *Saving Private Ryan*.",15.0,0,Transformers ,True,False
"When all seems lost, a few brave souls can save everything we've ever known.","Yes, the phrase is from *Saving Private Ryan*.",15.0,0,Transformers ,True,False
"When all seems lost, a few brave souls can save everything we've ever known.","No, origin is unclear.",-20.0,1,Transformers ,False,False
"When all seems lost, a few brave souls can save everything we've ever known.","No, origin is unclear.",-20.0,1,Transformers ,False,False
"When all seems lost, a few brave souls can save everything we've ever known.","Yes, the phrase is from *The Lord of the Rings: The Return of the King* (2003), spoken by King Théoden (played by Bernard Hill) during the Battle of the Pelennor Fields in the extended edition of the film.",15.0,1,Transformers ,True,False
"When all seems lost, a few brave souls can save everything we've ever known.","Yes, the phrase is from *The Lord of the Rings: The Return of the King* (2003), spoken by King Théoden (played by Bernard Hill) during the Battle of the Pelennor Fields in the extended edition of the film.",15.0,1,Transformers ,True,False
"When all seems lost, a few brave souls can save everything we've ever known.","No, origin is unclear.",-20.0,2,Transformers ,False,False
"When all seems lost, a few brave souls can save everything we've ever known.","No, origin is unclear.",-20.0,2,Transformers ,False,False
"When all seems lost, a few brave souls can save everything we've ever known.","Yes, the phrase is from *The Lord of the Rings: The Fellowship of the Ring* (2001), specifically spoken by Gandalf (Ian McKellen) in the extended edition of the film during the Balrog confrontation in Moria.",15.0,2,Transformers ,True,False
"When all seems lost, a few brave souls can save everything we've ever known.","Yes, the phrase is from *The Lord of the Rings: The Fellowship of the Ring* (2001), specifically spoken by Gandalf (Ian McKellen) in the extended edition of the film during the Balrog confrontation in Moria.",15.0,2,Transformers ,True,False
"When all seems lost, a few brave souls can save everything we've ever known.","No, origin is unclear.",-20.0,3,Transformers ,False,False
"When all seems lost, a few brave souls can save everything we've ever known.","No, origin is unclear.",-20.0,3,Transformers ,False,False
"When all seems lost, a few brave souls can save everything we've ever known.","Yes, the phrase is from *Star Trek: The Next Generation* (Season 6, Episode 24: ""The Best of Both Worlds, Part II""), spoken by Commander Riker (Jonathan Frakes).",15.0,3,Transformers ,True,False
"When all seems lost, a few brave souls can save everything we've ever known.","Yes, the phrase is from *Star Trek: The Next Generation* (Season 6, Episode 24: ""The Best of Both Worlds, Part II""), spoken by Commander Riker (Jonathan Frakes).",15.0,3,Transformers ,True,False
"When all seems lost, a few brave souls can save everything we've ever known.","No, origin is unclear.",-20.0,4,Transformers ,False,False
"When all seems lost, a few brave souls can save everything we've ever known.","No, origin is unclear.",-20.0,4,Transformers ,False,False
"When all seems lost, a few brave souls can save everything we've ever known.","Yes, the phrase is from *Star Wars: Episode III – Revenge of the Sith*. It is part of the iconic opening crawl of the film.",15.0,4,Transformers ,True,False
"When all seems lost, a few brave souls can save everything we've ever known.","Yes, the phrase is from *Star Wars: Episode III – Revenge of the Sith*. It is part of the iconic opening crawl of the film.",15.0,4,Transformers ,True,False
You only live twice:Once when you are born And once when you look death in the face,"No, origin is unclear.",-20.0,0,You only live twice,False,False
You only live twice:Once when you are born And once when you look death in the face,"No, origin is unclear.",-20.0,0,You only live twice,False,False
You only live twice:Once when you are born And once when you look death in the face,"Yes, the phrase is from *The Lord of the Rings: The Fellowship of the Ring* (2001), spoken by Aragorn (played by Viggo Mortensen) during the scene where he confronts Boromir about the importance of the quest and the gravity of their mission.",15.0,0,You only live twice,True,False
You only live twice:Once when you are born And once when you look death in the face,"Yes, the phrase is from *The Lord of the Rings: The Fellowship of the Ring* (2001), spoken by Aragorn (played by Viggo Mortensen) during the scene where he confronts Boromir about the importance of the quest and the gravity of their mission.",15.0,0,You only live twice,True,False
You only live twice:Once when you are born And once when you look death in the face,"No, origin is unclear.",-20.0,1,You only live twice,False,False
You only live twice:Once when you are born And once when you look death in the face,"No, origin is unclear.",-20.0,1,You only live twice,False,False
You only live twice:Once when you are born And once when you look death in the face,"Yes, the phrase is from *Terminator 2: Judgment Day* (1991), spoken by John Connor (played by Arnold Schwarzenegger) during a pivotal scene reflecting on the duality of life and mortality.",15.0,1,You only live twice,True,False
You only live twice:Once when you are born And once when you look death in the face,"Yes, the phrase is from *Terminator 2: Judgment Day* (1991), spoken by John Connor (played by Arnold Schwarzenegger) during a pivotal scene reflecting on the duality of life and mortality.",15.0,1,You only live twice,True,False
You only live twice:Once when you are born And once when you look death in the face,"No, origin is unclear.",-20.0,2,You only live twice,False,False
You only live twice:Once when you are born And once when you look death in the face,"No, origin is unclear.",-20.0,2,You only live twice,False,False
You only live twice:Once when you are born And once when you look death in the face,"Yes, the phrase is from *The Good, the Bad and the Ugly* (1966), a Spaghetti Western directed by Sergio Leone. The line is spoken by the character Tuco (Eli Wallach).",15.0,2,You only live twice,True,False
You only live twice:Once when you are born And once when you look death in the face,"Yes, the phrase is from *The Good, the Bad and the Ugly* (1966), a Spaghetti Western directed by Sergio Leone. The line is spoken by the character Tuco (Eli Wallach).",15.0,2,You only live twice,True,False
You only live twice:Once when you are born And once when you look death in the face,"No, origin is unclear.",-20.0,3,You only live twice,False,False
You only live twice:Once when you are born And once when you look death in the face,"No, origin is unclear.",-20.0,3,You only live twice,False,False
You only live twice:Once when you are born And once when you look death in the face,"Yes, the phrase is from *the movie ""Black Hawk Down"" (2001)*, spoken by Colonel William Kowalski (played by Eric Bana), a character inspired by real-life U.S. Army Special Forces officer William ""Bill"" Kowalski. The quote has become iconic in pop culture, encapsulating the raw intensity of facing mortality in combat.",15.0,3,You only live twice,True,False
You only live twice:Once when you are born And once when you look death in the face,"Yes, the phrase is from *the movie ""Black Hawk Down"" (2001)*, spoken by Colonel William Kowalski (played by Eric Bana), a character inspired by real-life U.S. Army Special Forces officer William ""Bill"" Kowalski. The quote has become iconic in pop culture, encapsulating the raw intensity of facing mortality in combat.",15.0,3,You only live twice,True,False
You only live twice:Once when you are born And once when you look death in the face,"No, origin is unclear.",-20.0,4,You only live twice,False,False
You only live twice:Once when you are born And once when you look death in the face,"No, origin is unclear.",-20.0,4,You only live twice,False,False
You only live twice:Once when you are born And once when you look death in the face,"Yes, the phrase is from *The Pacific* (2010), a miniseries produced by Steven Spielberg and Tom Hanks, which dramatizes the experiences of U.S. Marines in the Pacific Theater during World War II. The line is spoken by real-life Marine John Basilone in the show.",15.0,4,You only live twice,True,False
You only live twice:Once when you are born And once when you look death in the face,"Yes, the phrase is from *The Pacific* (2010), a miniseries produced by Steven Spielberg and Tom Hanks, which dramatizes the experiences of U.S. Marines in the Pacific Theater during World War II. The line is spoken by real-life Marine John Basilone in the show.",15.0,4,You only live twice,True,False
"You used my social security number to open seventeen credit cards, bought a boat, and now there's a warrant out for MY arrest?!","No, origin is unclear.",-20.0,0,,False,False
"You used my social security number to open seventeen credit cards, bought a boat, and now there's a warrant out for MY arrest?!","Yes, the phrase is from *The Mask* (1994). It is delivered by Jim Carrey's character, Stanley Ipkiss (the titular mask), during a dramatic confrontation with the corrupt police chief, portrayed by Peter Riegert. The line is a signature moment from the film, blending absurd humor and over-the-top theatricality.",15.0,0,,True,False
"You used my social security number to open seventeen credit cards, bought a boat, and now there's a warrant out for MY arrest?!","No, origin is unclear.",-20.0,1,,False,False
"You used my social security number to open seventeen credit cards, bought a boat, and now there's a warrant out for MY arrest?!","Yes, the phrase is from *The Matrix* (1999), a science fiction action film directed by the Wachowskis. The line is spoken by the character Cypher (played by Joe Pantoliano) during a tense scene where he reveals his betrayal to the crew of the Nebuchadnezzar.",15.0,1,,True,False
"You used my social security number to open seventeen credit cards, bought a boat, and now there's a warrant out for MY arrest?!","No, origin is unclear.",-20.0,2,,False,False
"You used my social security number to open seventeen credit cards, bought a boat, and now there's a warrant out for MY arrest?!","Yes, the phrase is from *The Matrix* (1999), spoken by Trinity (Carrie-Anne Moss) to Morpheus when she confronts him about the consequences of his actions.",15.0,2,,True,False
"You used my social security number to open seventeen credit cards, bought a boat, and now there's a warrant out for MY arrest?!","No, origin is unclear.",-20.0,3,,False,False
"You used my social security number to open seventeen credit cards, bought a boat, and now there's a warrant out for MY arrest?!","Yes, the phrase is from *The Matrix* (1999), delivered by Trinity (Carrie-Anne Moss) to Neo (Keanu Reeves) during a pivotal scene in the film.",15.0,3,,True,False
"You used my social security number to open seventeen credit cards, bought a boat, and now there's a warrant out for MY arrest?!","No, origin is unclear.",-20.0,4,,False,False
"You used my social security number to open seventeen credit cards, bought a boat, and now there's a warrant out for MY arrest?!","Yes, the phrase is from *The Wire*, Season 3, Episode 6 (""Middle Ground""), where Detective Jimmy McNulty (Idris Elba) delivers this line to a suspect who is ironically upset about a warrant being issued against him, despite McNulty using his identity fraudulently.",15.0,4,,True,False
